Clarke_13.png - Brayden Clarke
Kacurri_14.png - Maldini Kacurri
Nichols_15.png - Josh Nichols
Zubimendi_26.png - Martín Zubimendi Ibáñez
Kabia_28.png - Ismeal Kabia
Dowman_700.png - Max Dowman
Harriman-Annous_711.png - Andre Harriman-Annous
Hincapie_725.png - Piero Hincapié
Sousa_45.png - Lino da Cruz Sousa
Yasin_46.png - Yasin Özcan
Broggio_60.png - Ben Broggio
Young_63.png - Kadan Young
Redmond_65.png - Zépiqueno Redmond
Guessand_677.png - Evann Guessand
Wright_688.png - James Wright
Rowe_701.png - Triston Rowe
Burrowes_702.png - Bradley Burrowes
Proctor_703.png - Sam Proctor
Patterson_710.png - Travis Patterson
Lindelöf_719.png - Victor Lindelöf
Churlinov_204.png - Darko Churlinov
Adewumi_212.png - Oluwaseun Adewumi
Florentino_722.png - Florentino Ibrain Morris Luís
McKenna_69.png - Callan McKenna
Akinmboni_75.png - Matai Akinmboni
Bevan_76.png - Owen Bevan
Sadi_94.png - Dominic Sadi
Silcott-Duberry_95.png - Zain Silcott-Duberry
Adu-Adjei_99.png - Daniel Adu-Adjei
Gannon-Doak_391.png - Ben Gannon-Doak
Rees-Dottin_687.png - Remy Rees-Dottin
Adli_697.png - Amine Adli
A.Jimenez_713.png - Álex Jiménez Sánchez
Milosavljević_721.png - Veljko Milosavljevic
Eyestone_104.png - Julian Eyestone
Dasilva_748.png - Josh Dasilva
Cashin_154.png - Eiran Cashin
Slater_155.png - Jacob Slater
Tasker_156.png - Charlie Tasker
Knight_175.png - Joe Knight
Oriola_744.png - Nehemiah Oriola
Penders_222.png - Mike Penders
M.Sarr_231.png - Mamadou Sarr
Paez_248.png - Kendry Páez Andrade
Emenalo_743.png - Landon Emenalo
Agbinone_274.png - Asher Agbinone
Rodney_281.png - Kaden Rodney
Umeh_282.png - Franco Umeh-Chibueze
Marsh_286.png - Zach Marsh
Cardines_690.png - Rio Cardines
Yeremy_712.png - Yéremy Pino Santos
Canvot_723.png - Jaydee Canvot
Uche_732.png - Christantus Uche
Welch_298.png - Reece Welch
Bates_306.png - Callum Bates
Ebere_307.png - Coby Ebere
Heath_308.png - Isaac Heath
Sherif_313.png - Martin Sherif
Onyango_704.png - Tyler Onyango
Campbell_705.png - Elijah Campbell
Dibling_707.png - Tyler Dibling
Röhl_728.png - Merlin Röhl
Amissah_323.png - Samuel Amissah
Chukwueze_727.png - Samuel Chukwueze
Kevin_731.png - Kevin Santos Lopes de Macedo
Kusi-Asare_737.png - Jonah Kusi-Asare
Calvert-Lewin_691.png - Dominic Calvert-Lewin
Okafor_698.png - Noah Okafor
Justin_706.png - James Justin
Gray_741.png - Harry Gray
Nallo_378.png - Amara Nallo
Danns_398.png - Jayden Danns
Ngumoha_686.png - Rio Ngumoha
Leoni_692.png - Giovanni Leoni
Morrison_746.png - Kieran Morrison
Vitor_Reis_412.png - Vitor de Oliveira Nunes dos Reis
Nypan_428.png - Sverre Nypan
Donnarumma_736.png - Gianluigi Donnarumma
Mukasa_739.png - Divine Mukasa
Mfuni_740.png - Stephen Mfuni
McAidoo_742.png - Ryan McAidoo
Harrison_433.png - Elyh Harrison
Mee_435.png - Dermot Mee
Fitzgerald_461.png - Jayce Fitzgerald
J.Fletcher_462.png - Jack Fletcher
Kone_463.png - Sékou Koné
Moorhouse_464.png - Jack Moorhouse
Lammens_733.png - Senne Lammens
Pivas_483.png - Miodrag Pivaš
Antoñito_C._492.png - Antoñito Cordero Campillo
Hayden_495.png - Isaac Hayden
Kuol_496.png - Garang Kuol
Thiaw_684.png - Malick Thiaw
Seung_soo_689.png - Seung-Soo Park
Woltemade_714.png - Nick Woltemade
Hutchinson_693.png - Omari Hutchinson
Kalimuendo_696.png - Arnaud Kalimuendo
Douglas_Luiz_699.png - Douglas Luiz Soares de Paulo
John_715.png - John Victor Maciel Furtado
Savona_716.png - Nicolò Savona
Cuiabano_729.png - Luis Eduardo Soares da Silva
Bakwa_734.png - Dilane Bakwa
Alderete_683.png - Omar Alderete
Mukiele_694.png - Nordi Mukiele
Geertruida_724.png - Lutsharel Geertruida
Brobbey_730.png - Brian Brobbey
Traoré_735.png - Bertrand Traoré
Min-hyeok_594.png - Yang Min-hyeok
Xavi_717.png - Xavi Simons
Kolo_Muani_726.png - Randal Kolo Muani
Byfield_745.png - Jun'ai Byfield
Rowswell_750.png - James Rowswell
Akhamrich_751.png - Yusuf Akhamrich
M.Fernandes_708.png - Mateus Gonçalo Espanha Fernandes
S.Magassa_718.png - Soungoutou Magassa
Fabianski_738.png - Lukasz Fabianski
Mayers_747.png - Ezra Mayers
Golambeckis_752.png - Airidas Golambeckis
Meupiyou_639.png - Bastien Meupiyou Menadjou
Pond_641.png - Alfie Pond
B.Traore_649.png - Boubacar Traoré
Edozie_651.png - Tom Edozie
Chiwome_657.png - Leon Chiwome
Tchatchoua_695.png - Jackson Tchatchoua
Krejčí_709.png - Ladislav Krejcí
Tolu_720.png - Tolu Arokodare
Mané_749.png - Mateus Mané